time,temperature,humidity,windspeed_100m,cloud_cover,rainfall
2025-03-01 00:00:00,22.7,92,15.8,6,0.0
2025-03-01 01:00:00,22.5,94,17.3,1,0.0
2025-03-01 02:00:00,22.3,95,16.7,0,0.0
2025-03-01 03:00:00,22.1,95,16.2,0,0.0
2025-03-01 04:00:00,21.8,96,14.4,2,0.0
2025-03-01 05:00:00,21.5,96,15.9,0,0.0
2025-03-01 06:00:00,22.7,97,17.9,0,0.0
2025-03-01 07:00:00,24.5,90,14.0,3,0.0
2025-03-01 08:00:00,26.8,78,16.5,1,0.0
2025-03-01 09:00:00,29.3,60,18.7,0,0.0
2025-03-01 10:00:00,31.2,50,20.2,0,0.0
2025-03-01 11:00:00,32.5,45,19.5,0,0.0
2025-03-01 12:00:00,33.5,41,19.0,0,0.0
2025-03-01 13:00:00,34.2,37,19.0,2,0.0
2025-03-01 14:00:00,34.3,36,18.7,2,0.0
2025-03-01 15:00:00,33.8,38,17.7,19,0.0
2025-03-01 16:00:00,32.8,41,14.5,17,0.0
2025-03-01 17:00:00,31.2,49,16.3,5,0.0
2025-03-01 18:00:00,28.6,60,21.4,3,0.0
2025-03-01 19:00:00,27.5,66,24.0,1,0.0
2025-03-01 20:00:00,26.8,70,23.2,1,0.0
2025-03-01 21:00:00,26.0,73,26.5,0,0.0
2025-03-01 22:00:00,25.6,73,25.4,0,0.0
2025-03-01 23:00:00,25.3,73,22.2,0,0.0
2025-03-02 00:00:00,24.1,79,14.1,0,0.0
2025-03-02 01:00:00,24.1,77,18.2,0,0.0
2025-03-02 02:00:00,23.9,75,20.9,0,0.0
2025-03-02 03:00:00,23.6,71,20.0,0,0.0
2025-03-02 04:00:00,23.1,69,18.2,0,0.0
2025-03-02 05:00:00,22.5,69,17.6,0,0.0
2025-03-02 06:00:00,23.5,72,17.0,0,0.0
2025-03-02 07:00:00,25.0,67,16.0,0,0.0
2025-03-02 08:00:00,27.1,59,9.2,0,0.0
2025-03-02 09:00:00,29.3,52,9.2,0,0.0
2025-03-02 10:00:00,31.1,50,8.3,0,0.0
2025-03-02 11:00:00,32.7,44,9.1,0,0.0
2025-03-02 12:00:00,33.8,39,10.3,0,0.0
2025-03-02 13:00:00,34.2,37,12.3,0,0.0
2025-03-02 14:00:00,34.3,35,12.0,17,0.0
2025-03-02 15:00:00,33.5,38,15.5,14,0.0
2025-03-02 16:00:00,32.8,41,12.7,16,0.0
2025-03-02 17:00:00,31.4,47,10.1,1,0.0
2025-03-02 18:00:00,30.4,59,4.8,2,0.0
2025-03-02 19:00:00,29.6,59,14.8,3,0.0
2025-03-02 20:00:00,27.7,70,16.2,1,0.0
2025-03-02 21:00:00,27.0,73,14.7,38,0.0
2025-03-02 22:00:00,26.0,81,10.9,85,0.0
2025-03-02 23:00:00,25.8,83,11.9,65,0.0
2025-03-03 00:00:00,25.4,84,4.2,13,0.0
2025-03-03 01:00:00,25.1,84,8.9,12,0.0
2025-03-03 02:00:00,24.9,84,5.2,17,0.0
2025-03-03 03:00:00,24.6,84,12.5,0,0.0
2025-03-03 04:00:00,24.0,85,11.4,0,0.0
2025-03-03 05:00:00,23.4,87,12.1,1,0.0
2025-03-03 06:00:00,24.5,87,13.2,1,0.0
2025-03-03 07:00:00,26.5,73,14.1,95,0.0
2025-03-03 08:00:00,28.6,52,13.0,76,0.0
2025-03-03 09:00:00,31.0,37,15.8,88,0.0
2025-03-03 10:00:00,32.3,30,14.3,69,0.0
2025-03-03 11:00:00,33.2,29,11.4,78,0.0
2025-03-03 12:00:00,33.8,29,12.0,91,0.0
2025-03-03 13:00:00,33.9,30,12.1,91,0.0
2025-03-03 14:00:00,33.8,31,13.3,79,0.0
2025-03-03 15:00:00,33.2,33,13.4,98,0.0
2025-03-03 16:00:00,32.5,35,12.5,55,0.0
2025-03-03 17:00:00,31.1,39,10.6,63,0.0
2025-03-03 18:00:00,29.9,43,5.0,46,0.0
2025-03-03 19:00:00,29.6,44,12.4,57,0.0
2025-03-03 20:00:00,29.2,46,15.6,56,0.0
2025-03-03 21:00:00,28.6,47,18.2,68,0.0
2025-03-03 22:00:00,26.6,67,20.0,58,0.0
2025-03-03 23:00:00,25.5,84,18.5,91,0.0
2025-03-04 00:00:00,24.9,90,12.8,72,0.0
2025-03-04 01:00:00,24.0,94,11.8,35,0.0
2025-03-04 02:00:00,23.2,95,11.1,7,0.0
2025-03-04 03:00:00,22.9,89,13.4,24,0.0
2025-03-04 04:00:00,23.0,84,11.3,17,0.0
2025-03-04 05:00:00,23.1,78,12.1,0,0.0
2025-03-04 06:00:00,23.5,67,17.7,0,0.0
2025-03-04 07:00:00,25.1,59,15.7,0,0.0
2025-03-04 08:00:00,28.0,44,10.3,0,0.0
2025-03-04 09:00:00,30.2,28,14.9,0,0.0
2025-03-04 10:00:00,31.3,26,16.4,0,0.0
2025-03-04 11:00:00,32.0,25,15.9,0,0.0
2025-03-04 12:00:00,32.5,23,15.3,0,0.0
2025-03-04 13:00:00,32.8,21,15.5,0,0.0
2025-03-04 14:00:00,32.5,22,15.2,0,0.0
2025-03-04 15:00:00,32.0,24,12.1,0,0.0
2025-03-04 16:00:00,31.2,26,11.6,0,0.0
2025-03-04 17:00:00,30.0,40,2.9,0,0.0
2025-03-04 18:00:00,29.2,34,6.5,0,0.0
2025-03-04 19:00:00,29.0,35,9.8,0,0.0
2025-03-04 20:00:00,28.5,36,13.0,1,0.0
2025-03-04 21:00:00,27.2,41,15.0,0,0.0
2025-03-04 22:00:00,26.1,46,14.2,0,0.0
2025-03-04 23:00:00,25.4,49,12.3,0,0.0
2025-03-05 00:00:00,24.9,54,10.3,7,0.0
2025-03-05 01:00:00,24.0,57,11.0,3,0.0
2025-03-05 02:00:00,23.0,60,18.4,2,0.0
2025-03-05 03:00:00,22.4,63,20.2,1,0.0
2025-03-05 04:00:00,22.0,66,18.8,0,0.0
2025-03-05 05:00:00,21.5,67,16.4,0,0.0
2025-03-05 06:00:00,22.2,68,11.6,0,0.0
2025-03-05 07:00:00,24.1,59,7.9,0,0.0
2025-03-05 08:00:00,27.1,46,4.9,0,0.0
2025-03-05 09:00:00,29.8,33,12.7,0,0.0
2025-03-05 10:00:00,31.0,29,14.5,0,0.0
2025-03-05 11:00:00,31.8,28,14.5,0,0.0
2025-03-05 12:00:00,32.1,28,15.0,0,0.0
2025-03-05 13:00:00,32.3,28,12.5,0,0.0
2025-03-05 14:00:00,32.4,28,11.2,0,0.0
2025-03-05 15:00:00,32.0,29,11.9,0,0.0
2025-03-05 16:00:00,31.1,31,12.1,0,0.0
2025-03-05 17:00:00,29.9,35,7.5,0,0.0
2025-03-05 18:00:00,29.0,50,3.0,0,0.0
2025-03-05 19:00:00,28.8,45,2.7,0,0.0
2025-03-05 20:00:00,28.5,44,16.6,0,0.0
2025-03-05 21:00:00,26.6,62,14.1,0,0.0
2025-03-05 22:00:00,24.9,77,7.2,0,0.0
2025-03-05 23:00:00,24.0,77,9.6,0,0.0
2025-03-06 00:00:00,23.3,82,10.5,0,0.0
2025-03-06 01:00:00,22.8,83,13.5,0,0.0
2025-03-06 02:00:00,22.0,76,19.7,0,0.0
2025-03-06 03:00:00,21.4,61,21.9,0,0.0
2025-03-06 04:00:00,21.0,50,22.0,0,0.0
2025-03-06 05:00:00,20.6,44,22.5,0,0.0
2025-03-06 06:00:00,20.2,48,19.5,0,0.0
2025-03-06 07:00:00,21.7,42,14.2,0,0.0
2025-03-06 08:00:00,24.0,35,15.6,0,0.0
2025-03-06 09:00:00,25.8,29,16.5,0,0.0
2025-03-06 10:00:00,27.2,26,12.4,0,0.0
2025-03-06 11:00:00,28.3,24,12.6,0,0.0
2025-03-06 12:00:00,29.0,24,12.5,0,0.0
2025-03-06 13:00:00,29.5,23,11.8,0,0.0
2025-03-06 14:00:00,29.5,22,11.2,0,0.0
2025-03-06 15:00:00,29.0,22,11.0,0,0.0
2025-03-06 16:00:00,28.1,23,10.5,0,0.0
2025-03-06 17:00:00,26.9,26,11.0,0,0.0
2025-03-06 18:00:00,25.6,31,8.4,0,0.0
2025-03-06 19:00:00,24.6,41,6.4,0,0.0
2025-03-06 20:00:00,24.0,41,6.8,0,0.0
2025-03-06 21:00:00,23.4,42,9.6,0,0.0
2025-03-06 22:00:00,22.8,46,9.6,0,0.0
2025-03-06 23:00:00,22.0,52,8.1,0,0.0
2025-03-07 00:00:00,21.2,56,7.9,0,0.0
2025-03-07 01:00:00,21.0,58,6.6,0,0.0
2025-03-07 02:00:00,20.0,62,9.9,0,0.0
2025-03-07 03:00:00,19.5,59,11.0,0,0.0
2025-03-07 04:00:00,19.0,63,7.4,0,0.0
2025-03-07 05:00:00,18.2,69,2.5,0,0.0
2025-03-07 06:00:00,19.0,70,5.6,0,0.0
2025-03-07 07:00:00,20.5,61,9.3,0,0.0
2025-03-07 08:00:00,23.5,46,6.2,0,0.0
2025-03-07 09:00:00,26.5,35,6.5,0,0.0
2025-03-07 10:00:00,28.6,27,9.2,0,0.0
2025-03-07 11:00:00,29.9,24,12.7,0,0.0
2025-03-07 12:00:00,30.5,23,14.4,0,0.0
2025-03-07 13:00:00,30.9,23,14.6,0,0.0
2025-03-07 14:00:00,30.8,24,14.7,0,0.0
2025-03-07 15:00:00,30.1,27,14.5,0,0.0
2025-03-07 16:00:00,29.4,30,12.6,0,0.0
2025-03-07 17:00:00,28.2,34,8.3,0,0.0
2025-03-07 18:00:00,27.3,45,2.9,0,0.0
2025-03-07 19:00:00,27.1,44,0.9,0,0.0
2025-03-07 20:00:00,26.2,41,15.1,0,0.0
2025-03-07 21:00:00,24.8,51,18.0,0,0.0
2025-03-07 22:00:00,23.6,58,17.4,0,0.0
2025-03-07 23:00:00,22.8,63,17.5,0,0.0
2025-03-08 00:00:00,22.1,71,17.2,6,0.0
2025-03-08 01:00:00,21.5,78,15.9,42,0.0
2025-03-08 02:00:00,21.0,84,14.5,54,0.0
2025-03-08 03:00:00,20.2,90,8.4,62,0.0
2025-03-08 04:00:00,19.7,92,8.0,51,0.0
2025-03-08 05:00:00,19.5,92,8.0,0,0.0
2025-03-08 06:00:00,21.2,87,11.1,31,0.0
2025-03-08 07:00:00,23.2,78,8.7,35,0.0
2025-03-08 08:00:00,25.7,70,7.1,8,0.0
2025-03-08 09:00:00,27.7,62,11.7,6,0.0
2025-03-08 10:00:00,29.5,52,14.7,0,0.0
2025-03-08 11:00:00,31.2,42,15.9,15,0.0
2025-03-08 12:00:00,31.9,37,17.8,15,0.0
2025-03-08 13:00:00,32.8,27,17.5,1,0.0
2025-03-08 14:00:00,32.9,24,16.8,1,0.0
2025-03-08 15:00:00,32.4,23,16.1,1,0.0
2025-03-08 16:00:00,31.5,23,15.3,1,0.0
2025-03-08 17:00:00,29.8,36,13.9,0,0.0
2025-03-08 18:00:00,28.0,57,20.0,3,0.0
2025-03-08 19:00:00,27.0,60,20.6,0,0.0
2025-03-08 20:00:00,25.8,69,20.3,0,0.0
2025-03-08 21:00:00,24.9,75,20.5,0,0.0
2025-03-08 22:00:00,24.1,83,18.5,0,0.0
2025-03-08 23:00:00,23.7,85,17.2,0,0.0
2025-03-09 00:00:00,23.2,88,13.2,0,0.0
2025-03-09 01:00:00,22.8,91,11.8,5,0.0
2025-03-09 02:00:00,22.5,92,8.4,22,0.0
2025-03-09 03:00:00,22.2,94,5.6,98,0.0
2025-03-09 04:00:00,23.0,90,5.3,93,0.0
2025-03-09 05:00:00,22.7,92,4.0,8,0.0
2025-03-09 06:00:00,24.1,89,1.0,31,0.0
2025-03-09 07:00:00,25.1,82,5.4,24,0.0
2025-03-09 08:00:00,26.7,72,3.0,19,0.0
2025-03-09 09:00:00,28.7,61,4.2,15,0.0
2025-03-09 10:00:00,30.8,48,5.3,21,0.0
2025-03-09 11:00:00,32.3,37,7.4,13,0.0
2025-03-09 12:00:00,33.3,32,9.7,12,0.0
2025-03-09 13:00:00,33.7,30,11.6,21,0.0
2025-03-09 14:00:00,33.4,30,12.6,24,0.0
2025-03-09 15:00:00,33.1,31,12.5,11,0.0
2025-03-09 16:00:00,32.3,33,13.1,12,0.0
2025-03-09 17:00:00,31.2,36,12.1,2,0.0
2025-03-09 18:00:00,29.7,46,7.1,1,0.0
2025-03-09 19:00:00,28.3,51,7.2,0,0.0
2025-03-09 20:00:00,27.2,61,6.1,0,0.0
2025-03-09 21:00:00,26.5,65,12.2,0,0.0
2025-03-09 22:00:00,25.5,72,15.0,0,0.0
2025-03-09 23:00:00,24.5,79,15.9,0,0.0
2025-03-10 00:00:00,23.9,86,13.0,0,0.0
2025-03-10 01:00:00,23.2,90,10.6,0,0.0
2025-03-10 02:00:00,22.8,93,10.4,1,0.0
2025-03-10 03:00:00,22.1,96,7.3,22,0.0
2025-03-10 04:00:00,21.8,99,6.1,100,0.0
2025-03-10 05:00:00,21.8,99,6.9,100,0.0
2025-03-10 06:00:00,22.5,98,7.7,100,0.0
2025-03-10 07:00:00,23.0,95,7.6,100,0.0
2025-03-10 08:00:00,25.5,78,4.7,50,0.0
2025-03-10 09:00:00,28.8,60,2.9,2,0.0
2025-03-10 10:00:00,31.9,41,1.9,0,0.0
2025-03-10 11:00:00,33.8,30,2.1,0,0.0
2025-03-10 12:00:00,35.0,26,2.2,11,0.0
2025-03-10 13:00:00,35.3,25,4.9,26,0.0
2025-03-10 14:00:00,35.5,24,10.1,53,0.0
2025-03-10 15:00:00,34.3,28,15.5,89,0.0
2025-03-10 16:00:00,32.9,33,15.0,1,0.0
2025-03-10 17:00:00,31.8,37,10.1,0,0.0
2025-03-10 18:00:00,30.4,39,9.8,3,0.0
2025-03-10 19:00:00,29.4,42,8.7,1,0.0
2025-03-10 20:00:00,28.1,45,10.3,0,0.0
2025-03-10 21:00:00,27.4,46,13.2,0,0.0
2025-03-10 22:00:00,26.5,49,13.7,0,0.0
2025-03-10 23:00:00,25.5,57,14.6,0,0.0
2025-03-11 00:00:00,24.7,63,15.7,0,0.0
2025-03-11 01:00:00,24.0,67,16.2,0,0.0
2025-03-11 02:00:00,23.4,72,14.7,0,0.0
2025-03-11 03:00:00,22.9,76,14.4,0,0.0
2025-03-11 04:00:00,22.6,78,16.3,0,0.0
2025-03-11 05:00:00,22.4,79,17.9,0,0.0
2025-03-11 06:00:00,23.6,77,16.9,0,0.0
2025-03-11 07:00:00,25.2,72,13.5,0,0.0
2025-03-11 08:00:00,27.5,60,11.8,0,0.0
2025-03-11 09:00:00,30.1,44,13.9,0,0.0
2025-03-11 10:00:00,32.2,31,17.2,0,0.0
2025-03-11 11:00:00,33.5,26,19.1,0,0.0
2025-03-11 12:00:00,34.1,26,18.7,0,0.0
2025-03-11 13:00:00,34.5,27,18.1,2,0.0
2025-03-11 14:00:00,34.1,30,18.9,9,0.0
2025-03-11 15:00:00,33.5,34,18.0,1,0.0
2025-03-11 16:00:00,32.7,36,15.4,4,0.0
2025-03-11 17:00:00,32.1,36,11.1,0,0.0
2025-03-11 18:00:00,30.4,32,20.8,0,0.0
2025-03-11 19:00:00,29.2,34,18.9,5,0.0
2025-03-11 20:00:00,28.1,36,18.7,0,0.0
2025-03-11 21:00:00,27.0,41,20.5,0,0.0
2025-03-11 22:00:00,26.3,48,20.3,0,0.0
2025-03-11 23:00:00,25.5,55,19.1,0,0.0
2025-03-12 00:00:00,24.9,62,17.9,0,0.0
2025-03-12 01:00:00,24.2,68,16.4,0,0.0
2025-03-12 02:00:00,23.6,71,17.0,0,0.0
2025-03-12 03:00:00,23.0,76,15.0,0,0.0
2025-03-12 04:00:00,22.4,80,13.7,0,0.0
2025-03-12 05:00:00,21.9,84,12.5,0,0.0
2025-03-12 06:00:00,22.8,81,10.5,0,0.0
2025-03-12 07:00:00,24.5,72,6.4,0,0.0
2025-03-12 08:00:00,27.5,57,3.4,0,0.0
2025-03-12 09:00:00,30.7,43,2.3,0,0.0
2025-03-12 10:00:00,33.5,30,2.7,0,0.0
2025-03-12 11:00:00,35.2,24,7.5,0,0.0
2025-03-12 12:00:00,35.9,22,11.9,0,0.0
2025-03-12 13:00:00,36.0,22,15.5,0,0.0
2025-03-12 14:00:00,35.8,22,15.7,0,0.0
2025-03-12 15:00:00,35.3,23,16.1,0,0.0
2025-03-12 16:00:00,34.0,28,15.4,5,0.0
2025-03-12 17:00:00,33.0,32,6.3,0,0.0
2025-03-12 18:00:00,30.6,50,21.9,1,0.0
2025-03-12 19:00:00,28.8,57,21.8,2,0.0
2025-03-12 20:00:00,27.6,68,20.5,0,0.0
2025-03-12 21:00:00,26.9,75,25.7,0,0.0
2025-03-12 22:00:00,26.5,78,26.7,0,0.0
2025-03-12 23:00:00,26.2,79,26.2,0,0.0
2025-03-13 00:00:00,26.1,78,24.7,0,0.0
2025-03-13 01:00:00,26.0,76,24.6,0,0.0
2025-03-13 02:00:00,25.8,71,23.2,0,0.0
2025-03-13 03:00:00,25.2,69,20.2,0,0.0
2025-03-13 04:00:00,24.5,68,18.1,0,0.0
2025-03-13 05:00:00,24.0,67,19.4,0,0.0
2025-03-13 06:00:00,25.0,72,20.0,0,0.0
2025-03-13 07:00:00,26.5,67,15.6,0,0.0
2025-03-13 08:00:00,28.8,60,13.9,0,0.0
2025-03-13 09:00:00,31.4,50,13.2,0,0.0
2025-03-13 10:00:00,33.7,40,12.9,0,0.0
2025-03-13 11:00:00,35.3,34,12.1,0,0.0
2025-03-13 12:00:00,36.3,31,11.7,0,0.0
2025-03-13 13:00:00,37.0,27,13.0,0,0.0
2025-03-13 14:00:00,37.1,25,14.5,0,0.0
2025-03-13 15:00:00,36.5,26,15.8,11,0.0
2025-03-13 16:00:00,35.8,26,13.8,3,0.0
2025-03-13 17:00:00,34.3,35,15.5,0,0.0
2025-03-13 18:00:00,31.5,59,21.5,0,0.0
2025-03-13 19:00:00,30.2,66,20.2,0,0.0
2025-03-13 20:00:00,28.8,74,21.5,0,0.0
2025-03-13 21:00:00,27.8,80,21.5,0,0.0
2025-03-13 22:00:00,27.1,83,21.5,0,0.0
2025-03-13 23:00:00,26.8,84,19.3,0,0.0
2025-03-14 00:00:00,26.3,87,18.6,0,0.0
2025-03-14 01:00:00,26.0,88,16.5,0,0.0
2025-03-14 02:00:00,25.5,90,15.0,0,0.0
2025-03-14 03:00:00,25.1,91,14.1,0,0.0
2025-03-14 04:00:00,24.8,92,14.5,0,0.0
2025-03-14 05:00:00,24.5,91,15.5,0,0.0
2025-03-14 06:00:00,26.0,90,16.7,0,0.0
2025-03-14 07:00:00,27.5,80,14.8,0,0.0
2025-03-14 08:00:00,29.5,68,14.3,0,0.0
2025-03-14 09:00:00,31.6,59,12.0,0,0.0
2025-03-14 10:00:00,33.5,52,9.6,0,0.0
2025-03-14 11:00:00,35.2,45,8.1,0,0.0
2025-03-14 12:00:00,36.8,36,8.3,0,0.0
2025-03-14 13:00:00,37.9,28,11.1,7,0.0
2025-03-14 14:00:00,37.6,29,12.8,0,0.0
2025-03-14 15:00:00,36.8,32,13.5,3,0.0
2025-03-14 16:00:00,35.7,35,12.6,3,0.0
2025-03-14 17:00:00,34.4,40,12.4,3,0.0
2025-03-14 18:00:00,31.9,66,15.3,0,0.0
2025-03-14 19:00:00,30.8,71,13.2,0,0.0
2025-03-14 20:00:00,29.6,76,18.1,0,0.0
2025-03-14 21:00:00,28.8,78,16.5,0,0.0
2025-03-14 22:00:00,28.0,81,18.0,0,0.0
2025-03-14 23:00:00,27.0,86,18.5,0,0.0
2025-03-15 00:00:00,26.5,88,20.6,0,0.0
2025-03-15 01:00:00,26.0,90,19.9,0,0.0
2025-03-15 02:00:00,25.9,90,21.2,0,0.0
2025-03-15 03:00:00,25.7,91,15.5,0,0.0
2025-03-15 04:00:00,25.5,93,16.3,0,0.0
2025-03-15 05:00:00,25.3,94,15.5,0,0.0
2025-03-15 06:00:00,26.8,92,14.2,28,0.0
2025-03-15 07:00:00,28.1,83,8.3,29,0.0
2025-03-15 08:00:00,29.9,73,3.1,10,0.0
2025-03-15 09:00:00,31.9,63,1.1,10,0.0
2025-03-15 10:00:00,34.2,53,3.1,2,0.0
2025-03-15 11:00:00,36.2,45,1.9,0,0.0
2025-03-15 12:00:00,37.8,37,2.0,2,0.0
2025-03-15 13:00:00,39.0,30,2.8,5,0.0
2025-03-15 14:00:00,39.0,28,11.2,18,0.0
2025-03-15 15:00:00,38.2,30,17.8,18,0.0
2025-03-15 16:00:00,35.9,46,21.4,14,0.0
2025-03-15 17:00:00,34.3,49,17.3,11,0.0
2025-03-15 18:00:00,33.5,53,7.1,1,0.0
2025-03-15 19:00:00,33.0,56,11.4,0,0.0
2025-03-15 20:00:00,31.1,71,15.8,0,0.0
2025-03-15 21:00:00,29.4,80,16.9,0,0.0
2025-03-15 22:00:00,27.8,86,17.5,2,0.0
2025-03-15 23:00:00,26.8,91,19.8,52,0.0
2025-03-16 00:00:00,26.5,92,19.5,70,0.0
2025-03-16 01:00:00,26.1,93,16.5,12,0.0
2025-03-16 02:00:00,26.0,94,17.9,2,0.0
2025-03-16 03:00:00,25.8,95,17.5,1,0.0
2025-03-16 04:00:00,25.5,95,15.2,0,0.0
2025-03-16 05:00:00,25.2,95,13.1,0,0.0
2025-03-16 06:00:00,26.5,92,10.9,48,0.0
2025-03-16 07:00:00,27.9,84,10.0,6,0.0
2025-03-16 08:00:00,30.5,71,10.3,0,0.0
2025-03-16 09:00:00,33.4,56,10.1,0,0.0
2025-03-16 10:00:00,36.3,41,11.6,0,0.0
2025-03-16 11:00:00,38.3,30,16.0,7,0.0
2025-03-16 12:00:00,39.2,25,18.4,1,0.0
2025-03-16 13:00:00,39.6,24,19.7,8,0.0
2025-03-16 14:00:00,39.2,26,20.0,33,0.0
2025-03-16 15:00:00,37.7,34,17.9,27,0.0
2025-03-16 16:00:00,36.0,43,6.4,19,0.6
2025-03-16 17:00:00,33.5,46,12.2,27,0.0
2025-03-16 18:00:00,32.5,59,12.9,10,0.0
2025-03-16 19:00:00,31.0,68,12.6,15,0.0
2025-03-16 20:00:00,30.2,70,14.6,7,0.0
2025-03-16 21:00:00,25.4,83,25.2,98,10.3
2025-03-16 22:00:00,25.1,88,15.2,44,1.4
2025-03-16 23:00:00,25.3,88,9.8,22,0.0
2025-03-17 00:00:00,25.8,86,12.8,0,0.0
2025-03-17 01:00:00,25.5,88,11.4,0,0.0
2025-03-17 02:00:00,25.3,90,8.8,0,0.0
2025-03-17 03:00:00,25.2,90,12.2,0,0.0
2025-03-17 04:00:00,25.0,92,10.8,0,0.0
2025-03-17 05:00:00,24.9,93,10.4,0,0.0
2025-03-17 06:00:00,26.3,92,7.2,28,0.0
2025-03-17 07:00:00,28.0,83,4.9,38,0.0
2025-03-17 08:00:00,30.0,71,4.9,17,0.0
2025-03-17 09:00:00,32.8,54,4.6,31,0.0
2025-03-17 10:00:00,34.9,42,4.4,3,0.0
2025-03-17 11:00:00,36.4,35,4.6,9,0.0
2025-03-17 12:00:00,37.0,33,7.8,12,0.0
2025-03-17 13:00:00,37.2,32,5.0,11,0.0
2025-03-17 14:00:00,36.8,32,4.2,73,0.0
2025-03-17 15:00:00,25.4,83,30.3,88,8.9
2025-03-17 16:00:00,27.3,71,5.2,73,0.1
2025-03-17 17:00:00,27.8,70,5.4,38,0.0
2025-03-17 18:00:00,28.8,65,15.7,94,0.0
2025-03-17 19:00:00,27.9,71,15.7,97,0.0
2025-03-17 20:00:00,27.4,75,15.9,95,0.0
2025-03-17 21:00:00,26.8,77,16.4,78,0.0
2025-03-17 22:00:00,26.2,81,15.2,96,0.0
2025-03-17 23:00:00,25.9,85,14.2,98,0.0
2025-03-18 00:00:00,25.5,88,13.5,38,0.0
2025-03-18 01:00:00,25.2,91,13.8,29,0.0
2025-03-18 02:00:00,25.1,93,16.7,2,0.0
2025-03-18 03:00:00,25.0,94,12.2,17,0.0
2025-03-18 04:00:00,25.0,95,11.3,30,0.0
2025-03-18 05:00:00,24.2,97,14.7,100,0.0
2025-03-18 06:00:00,26.0,86,9.2,1,0.0
2025-03-18 07:00:00,27.9,71,8.6,0,0.0
2025-03-18 08:00:00,30.4,48,15.6,0,0.0
2025-03-18 09:00:00,32.2,36,16.6,41,0.0
2025-03-18 10:00:00,33.8,27,16.1,18,0.0
2025-03-18 11:00:00,34.8,25,15.4,0,0.0
2025-03-18 12:00:00,35.5,24,14.3,2,0.0
2025-03-18 13:00:00,35.8,25,13.8,0,0.0
2025-03-18 14:00:00,35.7,26,12.8,0,0.0
2025-03-18 15:00:00,35.2,27,12.6,0,0.0
2025-03-18 16:00:00,34.4,29,12.8,0,0.0
2025-03-18 17:00:00,33.4,31,11.5,0,0.0
2025-03-18 18:00:00,31.5,45,1.3,2,0.0
2025-03-18 19:00:00,31.2,37,12.4,12,0.0
2025-03-18 20:00:00,30.8,39,14.9,43,0.0
2025-03-18 21:00:00,29.9,42,17.1,40,0.0
2025-03-18 22:00:00,29.4,43,17.8,17,0.0
2025-03-18 23:00:00,28.4,50,18.2,13,0.0
2025-03-19 00:00:00,26.9,63,17.9,2,0.0
2025-03-19 01:00:00,25.6,70,15.8,0,0.0
2025-03-19 02:00:00,24.6,75,13.8,0,0.0
2025-03-19 03:00:00,24.2,77,11.9,0,0.0
2025-03-19 04:00:00,23.9,79,9.3,0,0.0
2025-03-19 05:00:00,23.6,79,10.0,0,0.0
2025-03-19 06:00:00,24.5,78,7.6,0,0.0
2025-03-19 07:00:00,26.7,69,5.6,0,0.0
2025-03-19 08:00:00,29.5,60,3.7,0,0.0
2025-03-19 09:00:00,32.0,50,1.0,0,0.0
2025-03-19 10:00:00,34.0,42,1.7,0,0.0
2025-03-19 11:00:00,35.6,36,5.0,5,0.0
2025-03-19 12:00:00,36.5,32,9.3,8,0.0
2025-03-19 13:00:00,36.8,31,12.9,5,0.0
2025-03-19 14:00:00,36.7,32,15.0,7,0.0
2025-03-19 15:00:00,35.9,36,16.8,7,0.0
2025-03-19 16:00:00,34.8,42,15.2,6,0.0
2025-03-19 17:00:00,33.2,50,15.9,2,0.0
2025-03-19 18:00:00,30.6,66,20.4,1,0.0
2025-03-19 19:00:00,29.1,71,18.3,0,0.0
2025-03-19 20:00:00,28.3,76,17.2,0,0.0
2025-03-19 21:00:00,27.5,82,18.8,0,0.0
2025-03-19 22:00:00,27.0,87,18.3,2,0.0
2025-03-19 23:00:00,26.6,90,17.9,1,0.0
2025-03-20 00:00:00,26.3,92,17.5,0,0.0
2025-03-20 01:00:00,26.0,92,17.6,0,0.0
2025-03-20 02:00:00,25.8,93,17.1,4,0.0
2025-03-20 03:00:00,25.7,93,16.0,4,0.0
2025-03-20 04:00:00,25.6,94,15.2,5,0.0
2025-03-20 05:00:00,25.5,95,15.6,1,0.0
2025-03-20 06:00:00,26.6,91,12.4,33,0.0
2025-03-20 07:00:00,28.0,83,9.9,19,0.0
2025-03-20 08:00:00,29.8,72,6.8,24,0.0
2025-03-20 09:00:00,31.6,62,6.4,31,0.0
2025-03-20 10:00:00,33.0,56,7.9,24,0.0
2025-03-20 11:00:00,34.5,48,9.7,23,0.0
2025-03-20 12:00:00,29.9,63,21.5,59,0.8
2025-03-20 13:00:00,31.0,58,16.0,41,0.0
2025-03-20 14:00:00,32.3,51,12.9,46,0.0
2025-03-20 15:00:00,32.5,51,12.2,57,0.0
2025-03-20 16:00:00,31.6,52,16.5,44,0.0
2025-03-20 17:00:00,30.7,54,12.7,90,0.0
2025-03-20 18:00:00,30.5,45,13.3,70,0.0
2025-03-20 19:00:00,29.6,51,7.9,100,0.0
2025-03-20 20:00:00,29.2,56,3.5,94,0.0
2025-03-20 21:00:00,28.7,52,11.0,100,0.0
2025-03-20 22:00:00,28.8,62,6.7,65,0.0
2025-03-20 23:00:00,28.5,55,7.0,100,0.0
2025-03-21 00:00:00,27.5,64,13.4,62,0.2
2025-03-21 01:00:00,26.6,77,18.6,44,0.0
2025-03-21 02:00:00,25.7,80,14.8,63,0.0
2025-03-21 03:00:00,25.2,78,5.7,21,0.0
2025-03-21 04:00:00,25.0,79,7.0,11,0.0
2025-03-21 05:00:00,24.2,79,11.3,54,0.6
2025-03-21 06:00:00,24.7,70,7.5,19,0.0
2025-03-21 07:00:00,26.1,61,4.7,5,0.0
2025-03-21 08:00:00,28.3,52,5.9,8,0.0
2025-03-21 09:00:00,30.5,45,5.7,9,0.0
2025-03-21 10:00:00,32.1,40,5.8,49,0.0
2025-03-21 11:00:00,33.0,38,5.9,9,0.0
2025-03-21 12:00:00,34.0,35,5.6,35,0.0
2025-03-21 13:00:00,34.5,34,5.2,55,0.0
2025-03-21 14:00:00,33.7,35,6.4,83,0.0
2025-03-21 15:00:00,30.6,46,15.8,100,1.2
2025-03-21 16:00:00,29.7,49,14.7,100,0.0
2025-03-21 17:00:00,28.8,52,8.5,100,0.5
2025-03-21 18:00:00,25.4,63,18.7,100,0.0
2025-03-21 19:00:00,24.1,68,16.0,100,0.0
2025-03-21 20:00:00,22.5,78,13.6,100,0.3
2025-03-21 21:00:00,22.4,79,1.4,100,0.3
2025-03-21 22:00:00,22.5,80,1.6,97,0.4
2025-03-21 23:00:00,22.6,80,12.0,100,0.0
2025-03-22 00:00:00,23.0,78,11.5,99,0.0
2025-03-22 01:00:00,22.9,82,7.0,100,0.0
2025-03-22 02:00:00,22.2,83,17.8,100,2.2
2025-03-22 03:00:00,21.9,87,2.8,100,0.8
2025-03-22 04:00:00,21.6,91,6.7,100,0.4
2025-03-22 05:00:00,21.2,91,10.9,96,1.0
2025-03-22 06:00:00,21.1,87,22.1,100,0.0
2025-03-22 07:00:00,21.4,85,25.3,100,1.6
2025-03-22 08:00:00,21.6,85,20.0,98,1.1
2025-03-22 09:00:00,23.0,85,13.3,100,0.8
2025-03-22 10:00:00,22.5,86,27.7,100,0.3
2025-03-22 11:00:00,22.4,87,20.4,100,0.7
2025-03-22 12:00:00,24.9,76,17.1,100,0.0
2025-03-22 13:00:00,26.1,70,9.3,100,0.0
2025-03-22 14:00:00,26.0,70,16.3,100,0.0
2025-03-22 15:00:00,25.5,72,13.0,97,0.0
2025-03-22 16:00:00,25.2,74,12.0,99,0.0
2025-03-22 17:00:00,24.5,77,12.1,100,0.0
2025-03-22 18:00:00,24.1,73,16.5,84,0.0
2025-03-22 19:00:00,23.5,78,12.5,84,0.0
2025-03-22 20:00:00,22.9,82,11.9,71,0.0
2025-03-22 21:00:00,22.4,85,13.5,21,0.0
2025-03-22 22:00:00,21.6,88,11.3,62,0.0
2025-03-22 23:00:00,21.4,89,12.9,90,0.0
2025-03-23 00:00:00,21.1,90,12.5,96,0.0
2025-03-23 01:00:00,21.2,91,12.0,1,0.0
2025-03-23 02:00:00,21.0,92,5.6,0,0.0
2025-03-23 03:00:00,20.8,93,6.4,0,0.0
2025-03-23 04:00:00,21.0,93,9.4,0,0.0
2025-03-23 05:00:00,20.6,94,9.5,0,0.0
2025-03-23 06:00:00,21.8,89,12.3,50,0.0
2025-03-23 07:00:00,23.0,84,3.5,32,0.0
2025-03-23 08:00:00,24.9,75,4.5,33,0.0
2025-03-23 09:00:00,26.3,70,1.9,2,0.0
2025-03-23 10:00:00,27.8,63,3.2,93,0.0
2025-03-23 11:00:00,25.3,73,11.4,88,1.0
2025-03-23 12:00:00,26.9,67,1.4,33,0.0
2025-03-23 13:00:00,28.4,61,7.5,20,0.0
2025-03-23 14:00:00,28.9,58,4.6,10,0.0
2025-03-23 15:00:00,28.6,56,3.1,51,0.2
2025-03-23 16:00:00,27.0,62,9.2,60,0.8
2025-03-23 17:00:00,26.9,63,0.4,85,0.0
2025-03-23 18:00:00,24.2,73,13.3,22,0.0
2025-03-23 19:00:00,23.4,78,13.5,100,0.0
2025-03-23 20:00:00,23.5,77,11.4,48,0.0
2025-03-23 21:00:00,23.2,80,7.7,0,0.0
2025-03-23 22:00:00,22.9,82,6.3,1,0.0
2025-03-23 23:00:00,22.4,86,7.2,0,0.0
2025-03-24 00:00:00,22.1,87,5.5,0,0.0
2025-03-24 01:00:00,21.7,89,4.1,0,0.0
2025-03-24 02:00:00,21.2,91,3.7,0,0.0
2025-03-24 03:00:00,20.9,93,4.5,0,0.0
2025-03-24 04:00:00,20.5,94,4.0,0,0.0
2025-03-24 05:00:00,20.2,94,6.0,0,0.0
2025-03-24 06:00:00,22.3,91,9.3,0,0.0
2025-03-24 07:00:00,24.1,82,6.6,0,0.0
2025-03-24 08:00:00,26.2,72,5.7,0,0.0
2025-03-24 09:00:00,28.0,62,7.5,0,0.0
2025-03-24 10:00:00,29.5,53,8.1,3,0.0
2025-03-24 11:00:00,30.6,45,8.9,7,0.0
2025-03-24 12:00:00,31.4,39,10.3,16,0.0
2025-03-24 13:00:00,31.7,36,12.2,13,0.0
2025-03-24 14:00:00,31.5,34,14.3,20,0.0
2025-03-24 15:00:00,31.0,36,14.2,11,0.0
2025-03-24 16:00:00,30.3,38,13.0,12,0.0
2025-03-24 17:00:00,28.8,47,11.5,7,0.0
2025-03-24 18:00:00,27.2,55,12.8,7,0.0
2025-03-24 19:00:00,26.4,62,10.9,7,0.0
2025-03-24 20:00:00,25.7,67,10.8,6,0.0
2025-03-24 21:00:00,25.7,65,9.3,1,0.0
2025-03-24 22:00:00,25.1,65,7.8,1,0.0
2025-03-24 23:00:00,24.7,66,6.7,1,0.0
2025-03-25 00:00:00,24.0,69,7.7,0,0.0
2025-03-25 01:00:00,23.4,71,5.4,0,0.0
2025-03-25 02:00:00,22.8,75,5.8,0,0.0
2025-03-25 03:00:00,21.8,80,13.2,0,0.0
2025-03-25 04:00:00,20.9,83,13.1,0,0.0
2025-03-25 05:00:00,20.5,84,14.0,0,0.0
2025-03-25 06:00:00,22.2,91,15.7,5,0.0
2025-03-25 07:00:00,24.4,87,10.7,27,0.0
2025-03-25 08:00:00,26.9,77,8.0,16,0.0
2025-03-25 09:00:00,29.5,58,9.5,0,0.0
2025-03-25 10:00:00,31.4,45,10.0,0,0.0
2025-03-25 11:00:00,32.4,39,10.8,1,0.0
2025-03-25 12:00:00,33.0,36,12.7,3,0.0
2025-03-25 13:00:00,33.2,34,13.1,2,0.0
2025-03-25 14:00:00,33.0,36,13.2,1,0.0
2025-03-25 15:00:00,32.7,38,12.8,0,0.0
2025-03-25 16:00:00,32.0,39,10.3,0,0.0
2025-03-25 17:00:00,31.0,43,6.6,0,0.0
2025-03-25 18:00:00,30.0,44,5.6,0,0.0
2025-03-25 19:00:00,30.0,44,8.8,0,0.0
2025-03-25 20:00:00,29.0,46,10.2,0,0.0
2025-03-25 21:00:00,28.6,49,12.4,0,0.0
2025-03-25 22:00:00,27.5,55,12.9,0,0.0
2025-03-25 23:00:00,26.4,59,12.3,0,0.0
2025-03-26 00:00:00,25.6,63,12.8,0,0.0
2025-03-26 01:00:00,24.9,70,14.8,0,0.0
2025-03-26 02:00:00,24.0,76,15.1,0,0.0
2025-03-26 03:00:00,23.5,79,14.8,0,0.0
2025-03-26 04:00:00,23.1,81,15.5,0,0.0
2025-03-26 05:00:00,23.1,83,16.4,0,0.0
2025-03-26 06:00:00,24.8,82,19.3,0,0.0
2025-03-26 07:00:00,26.9,75,14.3,0,0.0
2025-03-26 08:00:00,30.0,59,12.5,0,0.0
2025-03-26 09:00:00,32.7,41,16.7,0,0.0
2025-03-26 10:00:00,34.2,34,15.8,0,0.0
2025-03-26 11:00:00,35.3,31,14.3,10,0.0
2025-03-26 12:00:00,36.0,28,15.0,5,0.0
2025-03-26 13:00:00,36.3,26,15.8,17,0.0
2025-03-26 14:00:00,36.1,26,16.0,14,0.0
2025-03-26 15:00:00,35.2,29,17.4,11,0.0
2025-03-26 16:00:00,34.3,32,15.9,4,0.0
2025-03-26 17:00:00,33.5,35,10.0,0,0.0
2025-03-26 18:00:00,30.6,53,19.3,0,0.0
2025-03-26 19:00:00,29.2,65,23.3,0,0.0
2025-03-26 20:00:00,28.3,71,20.2,0,0.0
2025-03-26 21:00:00,27.4,76,20.4,0,0.0
2025-03-26 22:00:00,26.8,82,20.5,0,0.0
2025-03-26 23:00:00,26.2,84,21.7,0,0.0
2025-03-27 00:00:00,26.0,85,21.0,0,0.0
2025-03-27 01:00:00,25.8,86,21.0,0,0.0
2025-03-27 02:00:00,25.5,86,20.1,0,0.0
2025-03-27 03:00:00,25.0,89,18.5,0,0.0
2025-03-27 04:00:00,24.5,91,17.0,0,0.0
2025-03-27 05:00:00,24.0,92,18.6,0,0.0
2025-03-27 06:00:00,25.0,89,18.6,0,0.0
2025-03-27 07:00:00,27.1,77,11.4,0,0.0
2025-03-27 08:00:00,30.0,63,11.4,0,0.0
2025-03-27 09:00:00,32.8,50,10.4,0,0.0
2025-03-27 10:00:00,35.3,34,10.4,0,0.0
2025-03-27 11:00:00,37.0,25,12.8,0,0.0
2025-03-27 12:00:00,37.9,19,16.3,0,0.0
2025-03-27 13:00:00,37.9,17,18.8,0,0.0
2025-03-27 14:00:00,37.4,19,17.3,0,0.0
2025-03-27 15:00:00,36.3,24,15.9,0,0.0
2025-03-27 16:00:00,36.0,23,8.9,0,0.0
2025-03-27 17:00:00,35.5,28,3.3,0,0.0
2025-03-27 18:00:00,33.3,34,8.5,0,0.0
2025-03-27 19:00:00,32.5,35,10.7,0,0.0
2025-03-27 20:00:00,30.4,46,19.7,0,0.0
2025-03-27 21:00:00,29.0,55,19.8,0,0.0
2025-03-27 22:00:00,28.6,56,18.4,0,0.0
2025-03-27 23:00:00,27.5,63,21.9,0,0.0
2025-03-28 00:00:00,27.0,66,20.9,0,0.0
2025-03-28 01:00:00,26.6,66,22.1,0,0.0
2025-03-28 02:00:00,26.4,64,21.4,0,0.0
2025-03-28 03:00:00,26.0,64,20.9,0,0.0
2025-03-28 04:00:00,25.6,67,21.0,0,0.0
2025-03-28 05:00:00,25.2,68,22.0,0,0.0
2025-03-28 06:00:00,26.7,69,21.5,23,0.0
2025-03-28 07:00:00,28.2,65,15.2,7,0.0
2025-03-28 08:00:00,30.6,58,12.1,1,0.0
2025-03-28 09:00:00,33.3,49,12.3,0,0.0
2025-03-28 10:00:00,35.8,36,14.6,0,0.0
2025-03-28 11:00:00,37.9,25,14.7,0,0.0
2025-03-28 12:00:00,39.0,20,14.6,0,0.0
2025-03-28 13:00:00,39.6,16,15.9,0,0.0
2025-03-28 14:00:00,39.4,16,18.0,0,0.0
2025-03-28 15:00:00,38.2,21,19.0,0,0.0
2025-03-28 16:00:00,37.8,22,12.1,0,0.0
2025-03-28 17:00:00,36.2,27,14.7,0,0.0
2025-03-28 18:00:00,34.1,36,20.1,0,0.0
2025-03-28 19:00:00,32.5,42,19.8,0,0.0
2025-03-28 20:00:00,30.5,59,19.8,0,0.0
2025-03-28 21:00:00,29.4,69,16.5,0,0.0
2025-03-28 22:00:00,28.8,73,17.1,0,0.0
2025-03-28 23:00:00,28.0,78,16.4,0,0.0
2025-03-29 00:00:00,27.2,80,16.5,0,0.0
2025-03-29 01:00:00,26.8,80,18.2,0,0.0
2025-03-29 02:00:00,26.5,79,18.5,0,0.0
2025-03-29 03:00:00,26.3,78,17.4,0,0.0
2025-03-29 04:00:00,26.0,78,15.8,0,0.0
2025-03-29 05:00:00,25.7,79,15.1,0,0.0
2025-03-29 06:00:00,27.4,77,12.8,0,0.0
2025-03-29 07:00:00,29.4,68,9.7,0,0.0
2025-03-29 08:00:00,31.8,58,8.9,0,0.0
2025-03-29 09:00:00,35.0,36,11.1,0,0.0
2025-03-29 10:00:00,36.8,22,14.2,0,0.0
2025-03-29 11:00:00,37.6,20,12.9,0,0.0
2025-03-29 12:00:00,38.0,20,13.2,0,0.0
2025-03-29 13:00:00,38.2,21,14.1,0,0.0
2025-03-29 14:00:00,38.0,22,14.8,0,0.0
2025-03-29 15:00:00,37.3,23,15.3,0,0.0
2025-03-29 16:00:00,36.0,26,17.3,0,0.0
2025-03-29 17:00:00,34.3,30,15.3,0,0.0
2025-03-29 18:00:00,33.0,42,8.5,0,0.0
2025-03-29 19:00:00,32.4,45,3.6,0,0.0
2025-03-29 20:00:00,31.8,47,19.0,0,0.0
2025-03-29 21:00:00,29.5,69,18.9,0,0.0
2025-03-29 22:00:00,27.9,86,19.5,2,0.0
2025-03-29 23:00:00,27.1,90,18.3,3,0.0
2025-03-30 00:00:00,26.6,93,15.0,61,0.0
2025-03-30 01:00:00,26.4,96,12.1,100,0.0
2025-03-30 02:00:00,26.4,95,10.4,100,0.0
2025-03-30 03:00:00,26.2,93,8.0,94,0.0
2025-03-30 04:00:00,25.7,95,6.9,80,0.0
2025-03-30 05:00:00,25.8,93,8.4,79,0.0
2025-03-30 06:00:00,27.6,90,6.6,100,0.0
2025-03-30 07:00:00,28.8,81,7.5,27,0.0
2025-03-30 08:00:00,31.1,68,7.2,15,0.0
2025-03-30 09:00:00,32.9,59,5.2,16,0.0
2025-03-30 10:00:00,34.8,49,4.7,10,0.0
2025-03-30 11:00:00,36.8,39,5.9,9,0.0
2025-03-30 12:00:00,38.0,34,10.6,20,0.0
2025-03-30 13:00:00,38.2,33,14.6,23,0.0
2025-03-30 14:00:00,37.5,36,16.2,14,0.0
2025-03-30 15:00:00,36.9,39,15.1,19,0.0
2025-03-30 16:00:00,35.8,43,14.3,5,0.0
2025-03-30 17:00:00,34.2,49,13.1,5,0.0
2025-03-30 18:00:00,31.4,64,16.2,16,0.0
2025-03-30 19:00:00,30.0,70,17.1,3,0.0
2025-03-30 20:00:00,29.0,75,17.3,0,0.0
2025-03-30 21:00:00,28.3,79,14.5,0,0.0
2025-03-30 22:00:00,27.7,83,15.0,1,0.0
2025-03-30 23:00:00,27.2,86,15.6,9,0.0
2025-03-31 00:00:00,26.7,88,15.8,29,0.0
2025-03-31 01:00:00,26.4,90,15.5,99,0.0
2025-03-31 02:00:00,26.3,91,16.2,75,0.0
2025-03-31 03:00:00,26.4,91,16.0,66,0.0
2025-03-31 04:00:00,26.2,92,14.8,48,0.0
2025-03-31 05:00:00,26.1,93,14.8,3,0.0
2025-03-31 06:00:00,27.5,87,11.2,10,0.0
2025-03-31 07:00:00,29.0,77,10.3,10,0.0
2025-03-31 08:00:00,30.9,65,7.8,7,0.0
2025-03-31 09:00:00,32.8,57,8.1,4,0.0
2025-03-31 10:00:00,34.3,50,9.4,21,0.1
2025-03-31 11:00:00,35.8,44,10.4,17,0.0
2025-03-31 12:00:00,36.8,39,12.8,61,0.0
2025-03-31 13:00:00,37.3,35,14.9,72,0.0
2025-03-31 14:00:00,37.0,34,16.7,76,0.0
2025-03-31 15:00:00,36.5,35,17.0,71,0.0
2025-03-31 16:00:00,34.8,44,18.0,74,0.0
2025-03-31 17:00:00,32.0,57,22.3,39,0.0
2025-03-31 18:00:00,30.6,65,21.6,54,0.0
2025-03-31 19:00:00,29.5,71,21.1,1,0.0
2025-03-31 20:00:00,28.4,77,21.2,1,0.0
2025-03-31 21:00:00,27.8,81,20.7,2,0.0
2025-03-31 22:00:00,27.3,84,20.7,3,0.0
2025-03-31 23:00:00,27.0,85,21.1,5,0.0
