Datetime,Purchase Bid (MW),Sell Bid (MW),MCV (MW),Final Scheduled Volume (MW),MCP (Rs/MWh) *
2025-03-13 00:00:00,13514.6,9958.7,6258.5,6258.5,4139.33
2025-03-13 00:00:00,13514.6,9958.7,6258.5,6258.5,4139.33
2025-03-13 00:15:00,13856.4,9972.0,6555.5,6555.5,4210.24
2025-03-13 00:15:00,13856.4,9972.0,6555.5,6555.5,4210.24
2025-03-13 00:30:00,14267.9,10218.1,6840.5,6840.5,4339.61
2025-03-13 00:30:00,14267.9,10218.1,6840.5,6840.5,4339.61
2025-03-13 00:45:00,14473.7,10492.4,7070.2,7070.2,4499.14
2025-03-13 00:45:00,14473.7,10492.4,7070.2,7070.2,4499.14
2025-03-13 01:00:00,14402.5,10496.7,7034.5,7034.5,4339.94
2025-03-13 01:00:00,14402.5,10496.7,7034.5,7034.5,4339.94
2025-03-13 01:15:00,14266.9,10690.2,7018.2,7018.2,4210.58
2025-03-13 01:15:00,14266.9,10690.2,7018.2,7018.2,4210.58
2025-03-13 01:30:00,14260.8,10730.7,7049.1,7049.1,4210.51
2025-03-13 01:30:00,14260.8,10730.7,7049.1,7049.1,4210.51
2025-03-13 01:45:00,14091.8,10959.5,7109.5,7109.5,4200.56
2025-03-13 01:45:00,14091.8,10959.5,7109.5,7109.5,4200.56
2025-03-13 02:00:00,13872.3,11115.8,7009.4,7009.4,4139.25
2025-03-13 02:00:00,13872.3,11115.8,7009.4,7009.4,4139.25
2025-03-13 02:15:00,13827.5,11209.8,6964.2,6964.2,4139.54
2025-03-13 02:15:00,13827.5,11209.8,6964.2,6964.2,4139.54
2025-03-13 02:30:00,13613.2,11017.7,6750.1,6750.1,4139.49
2025-03-13 02:30:00,13613.2,11017.7,6750.1,6750.1,4139.49
2025-03-13 02:45:00,13556.1,10826.1,6727.9,6727.9,4139.51
2025-03-13 02:45:00,13556.1,10826.1,6727.9,6727.9,4139.51
2025-03-13 03:00:00,12932.4,10802.6,6391.7,6391.7,4000.77
2025-03-13 03:00:00,12932.4,10802.6,6391.7,6391.7,4000.77
2025-03-13 03:15:00,12941.5,10648.9,6458.8,6458.8,3999.89
2025-03-13 03:15:00,12941.5,10648.9,6458.8,6458.8,3999.89
2025-03-13 03:30:00,12881.3,10728.8,6397.6,6397.6,3999.47
2025-03-13 03:30:00,12881.3,10728.8,6397.6,6397.6,3999.47
2025-03-13 03:45:00,13023.9,10825.9,6448.1,6448.1,4012.19
2025-03-13 03:45:00,13023.9,10825.9,6448.1,6448.1,4012.19
2025-03-13 04:00:00,13295.1,10794.1,6716.3,6716.3,4012.13
2025-03-13 04:00:00,13295.1,10794.1,6716.3,6716.3,4012.13
2025-03-13 04:15:00,13363.5,10604.4,6844.2,6844.2,3999.4
2025-03-13 04:15:00,13363.5,10604.4,6844.2,6844.2,3999.4
2025-03-13 04:30:00,13701.1,10548.1,7034.2,7034.2,4109.63
2025-03-13 04:30:00,13701.1,10548.1,7034.2,7034.2,4109.63
2025-03-13 04:45:00,13740.1,10596.0,7083.9,7083.9,4109.68
2025-03-13 04:45:00,13740.1,10596.0,7083.9,7083.9,4109.68
2025-03-13 05:00:00,14204.9,10380.6,7517.4,7517.4,4139.8
2025-03-13 05:00:00,14204.9,10380.6,7517.4,7517.4,4139.8
2025-03-13 05:15:00,15428.7,10111.7,8379.2,8379.2,4577.3
2025-03-13 05:15:00,15428.7,10111.7,8379.2,8379.2,4577.3
2025-03-13 05:30:00,15507.7,9527.6,8209.6,8209.6,4577.45
2025-03-13 05:30:00,15507.7,9527.6,8209.6,8209.6,4577.45
2025-03-13 05:45:00,16157.7,9413.2,8715.35,8715.35,5499.28
2025-03-13 05:45:00,16157.7,9413.2,8715.35,8715.35,5499.28
2025-03-13 06:00:00,16207.0,9500.8,8698.0,8698.0,5999.01
2025-03-13 06:00:00,16207.0,9500.8,8698.0,8698.0,5999.01
2025-03-13 06:15:00,16507.2,9695.8,8678.0,8678.0,6500.55
2025-03-13 06:15:00,16507.2,9695.8,8678.0,8678.0,6500.55
2025-03-13 06:30:00,17525.1,9622.7,9319.3,9319.3,9400.65
2025-03-13 06:30:00,17525.1,9622.7,9319.3,9319.3,9400.65
2025-03-13 06:45:00,18396.1,9509.7,9425.09,9425.09,10000.0
2025-03-13 06:45:00,18396.1,9509.7,9425.09,9425.09,10000.0
2025-03-13 07:00:00,18401.6,9825.0,9613.9,9613.9,9799.37
2025-03-13 07:00:00,18401.6,9825.0,9613.9,9613.9,9799.37
2025-03-13 07:15:00,18348.1,10052.5,9421.3,9421.3,8569.55
2025-03-13 07:15:00,18348.1,10052.5,9421.3,9421.3,8569.55
2025-03-13 07:30:00,17591.5,10993.4,9435.4,9435.4,6000.75
2025-03-13 07:30:00,17591.5,10993.4,9435.4,9435.4,6000.75
2025-03-13 07:45:00,16345.7,11760.6,9368.8,9368.8,4980.99
2025-03-13 07:45:00,16345.7,11760.6,9368.8,9368.8,4980.99
2025-03-13 08:00:00,15044.0,11755.2,9121.9,9121.9,4109.5
2025-03-13 08:00:00,15044.0,11755.2,9121.9,9121.9,4109.5
2025-03-13 08:15:00,14668.4,12101.1,9068.7,9068.7,3849.91
2025-03-13 08:15:00,14668.4,12101.1,9068.7,9068.7,3849.91
2025-03-13 08:30:00,14612.9,12266.9,9003.8,9003.8,3870.53
2025-03-13 08:30:00,14612.9,12266.9,9003.8,9003.8,3870.53
2025-03-13 08:45:00,13378.3,12615.0,8226.0,8226.0,3529.36
2025-03-13 08:45:00,13378.3,12615.0,8226.0,8226.0,3529.36
2025-03-13 09:00:00,15866.1,12779.6,9687.3,9687.3,4139.22
2025-03-13 09:00:00,15866.1,12779.6,9687.3,9687.3,4139.22
2025-03-13 09:15:00,15894.9,12480.5,9696.1,9696.1,4045.32
2025-03-13 09:15:00,15894.9,12480.5,9696.1,9696.1,4045.32
2025-03-13 09:30:00,16424.6,12852.3,9956.0,9956.0,4299.35
2025-03-13 09:30:00,16424.6,12852.3,9956.0,9956.0,4299.35
2025-03-13 09:45:00,15808.7,13413.7,9979.1,9979.1,3839.47
2025-03-13 09:45:00,15808.7,13413.7,9979.1,9979.1,3839.47
2025-03-13 10:00:00,14960.5,14476.5,8811.2,8811.2,3529.91
2025-03-13 10:00:00,14960.5,14476.5,8811.2,8811.2,3529.91
2025-03-13 10:15:00,14805.2,14962.6,8657.5,8657.5,3529.7
2025-03-13 10:15:00,14805.2,14962.6,8657.5,8657.5,3529.7
2025-03-13 10:30:00,14975.9,15544.2,8637.2,8637.2,3529.68
2025-03-13 10:30:00,14975.9,15544.2,8637.2,8637.2,3529.68
2025-03-13 10:45:00,14617.2,16026.6,8278.4,8278.4,3529.25
2025-03-13 10:45:00,14617.2,16026.6,8278.4,8278.4,3529.25
2025-03-13 11:00:00,14438.8,17503.6,8017.6,8017.6,3330.22
2025-03-13 11:00:00,14438.8,17503.6,8017.6,8017.6,3330.22
2025-03-13 11:15:00,14405.0,18286.3,8059.7,8059.7,3261.75
2025-03-13 11:15:00,14405.0,18286.3,8059.7,8059.7,3261.75
2025-03-13 11:30:00,14685.4,19010.7,8171.6,8171.6,3401.02
2025-03-13 11:30:00,14685.4,19010.7,8171.6,8171.6,3401.02
2025-03-13 11:45:00,14708.1,19673.2,8233.6,8233.6,3330.44
2025-03-13 11:45:00,14708.1,19673.2,8233.6,8233.6,3330.44
2025-03-13 12:00:00,14130.1,20313.8,8046.6,8046.6,3093.5
2025-03-13 12:00:00,14130.1,20313.8,8046.6,8046.6,3093.5
2025-03-13 12:15:00,14071.5,20525.0,7989.2,7989.2,3072.7
2025-03-13 12:15:00,14071.5,20525.0,7989.2,7989.2,3072.7
2025-03-13 12:30:00,14089.3,21002.4,7961.17,7961.17,3040.87
2025-03-13 12:30:00,14089.3,21002.4,7961.17,7961.17,3040.87
2025-03-13 12:45:00,13952.3,21612.5,8044.4,8044.4,3037.5
2025-03-13 12:45:00,13952.3,21612.5,8044.4,8044.4,3037.5
2025-03-13 13:00:00,13595.2,23373.0,7913.8,7913.8,2899.35
2025-03-13 13:00:00,13595.2,23373.0,7913.8,7913.8,2899.35
2025-03-13 13:15:00,13625.6,24039.5,7936.3,7936.3,2826.04
2025-03-13 13:15:00,13625.6,24039.5,7936.3,7936.3,2826.04
2025-03-13 13:30:00,13630.2,23153.7,7874.0,7874.0,2790.83
2025-03-13 13:30:00,13630.2,23153.7,7874.0,7874.0,2790.83
2025-03-13 13:45:00,13761.6,23481.2,7939.0,7939.0,2899.11
2025-03-13 13:45:00,13761.6,23481.2,7939.0,7939.0,2899.11
2025-03-13 14:00:00,14303.1,23171.7,8359.31,8359.31,2940.57
2025-03-13 14:00:00,14303.1,23171.7,8359.31,8359.31,2940.57
2025-03-13 14:15:00,14704.9,22691.0,8883.0,8883.0,2979.6
2025-03-13 14:15:00,14704.9,22691.0,8883.0,8883.0,2979.6
2025-03-13 14:30:00,15049.8,22245.1,8774.9,8774.9,3072.23
2025-03-13 14:30:00,15049.8,22245.1,8774.9,8774.9,3072.23
2025-03-13 14:45:00,15371.0,22066.9,9096.2,9096.2,3121.88
2025-03-13 14:45:00,15371.0,22066.9,9096.2,9096.2,3121.88
2025-03-13 15:00:00,16201.6,19833.8,9674.54,9674.54,3400.25
2025-03-13 15:00:00,16201.6,19833.8,9674.54,9674.54,3400.25
2025-03-13 15:15:00,16791.9,19685.6,10154.2,10154.2,3450.38
2025-03-13 15:15:00,16791.9,19685.6,10154.2,10154.2,3450.38
2025-03-13 15:30:00,17149.0,18764.8,10442.0,10442.0,3495.01
2025-03-13 15:30:00,17149.0,18764.8,10442.0,10442.0,3495.01
2025-03-13 15:45:00,17936.5,18367.4,11478.8,11478.8,3499.87
2025-03-13 15:45:00,17936.5,18367.4,11478.8,11478.8,3499.87
2025-03-13 16:00:00,18048.2,17214.7,11690.56,11690.56,3529.9
2025-03-13 16:00:00,18048.2,17214.7,11690.56,11690.56,3529.9
2025-03-13 16:15:00,17903.1,16005.8,11672.97,11672.97,3620.19
2025-03-13 16:15:00,17903.1,16005.8,11672.97,11672.97,3620.19
2025-03-13 16:30:00,16940.0,13103.3,10351.6,10351.6,4139.92
2025-03-13 16:30:00,16940.0,13103.3,10351.6,10351.6,4139.92
2025-03-13 16:45:00,16763.1,12175.7,9700.9,9700.9,4350.96
2025-03-13 16:45:00,16763.1,12175.7,9700.9,9700.9,4350.96
2025-03-13 17:00:00,15575.5,11907.3,9052.4,9052.4,4000.96
2025-03-13 17:00:00,15575.5,11907.3,9052.4,9052.4,4000.96
2025-03-13 17:15:00,14883.4,11251.7,8498.0,8498.0,3939.34
2025-03-13 17:15:00,14883.4,11251.7,8498.0,8498.0,3939.34
2025-03-13 17:30:00,15505.5,12314.4,9372.7,9372.7,3573.55
2025-03-13 17:30:00,15505.5,12314.4,9372.7,9372.7,3573.55
2025-03-13 17:45:00,14368.6,10897.2,8030.4,8030.4,3620.16
2025-03-13 17:45:00,14368.6,10897.2,8030.4,8030.4,3620.16
2025-03-13 18:00:00,14032.2,9306.5,7196.68,7196.68,4500.38
2025-03-13 18:00:00,14032.2,9306.5,7196.68,7196.68,4500.38
2025-03-13 18:15:00,14334.0,7590.8,6300.5,6300.5,5375.2
2025-03-13 18:15:00,14334.0,7590.8,6300.5,6300.5,5375.2
2025-03-13 18:30:00,15421.5,6813.3,6127.9,6127.9,7064.41
2025-03-13 18:30:00,15421.5,6813.3,6127.9,6127.9,7064.41
2025-03-13 18:45:00,15653.2,6423.6,6272.8,6272.8,9799.46
2025-03-13 18:45:00,15653.2,6423.6,6272.8,6272.8,9799.46
2025-03-13 19:00:00,16032.4,6167.1,6136.5,6136.5,10000.0
2025-03-13 19:00:00,16032.4,6167.1,6136.5,6136.5,10000.0
2025-03-13 19:15:00,16288.4,5879.5,5848.9,5848.9,10000.0
2025-03-13 19:15:00,16288.4,5879.5,5848.9,5848.9,10000.0
2025-03-13 19:30:00,15022.2,6292.5,6261.9,6261.9,10000.0
2025-03-13 19:30:00,15022.2,6292.5,6261.9,6261.9,10000.0
2025-03-13 19:45:00,14570.5,6749.8,6181.9,6181.9,7349.25
2025-03-13 19:45:00,14570.5,6749.8,6181.9,6181.9,7349.25
2025-03-13 20:00:00,14443.0,6967.8,6260.5,6260.5,6000.06
2025-03-13 20:00:00,14443.0,6967.8,6260.5,6260.5,6000.06
2025-03-13 20:15:00,14218.3,7281.9,6402.4,6402.4,5500.3
2025-03-13 20:15:00,14218.3,7281.9,6402.4,6402.4,5500.3
2025-03-13 20:30:00,13927.9,7559.3,6465.1,6465.1,5210.57
2025-03-13 20:30:00,13927.9,7559.3,6465.1,6465.1,5210.57
2025-03-13 20:45:00,13508.5,8166.3,6612.7,6612.7,4864.11
2025-03-13 20:45:00,13508.5,8166.3,6612.7,6612.7,4864.11
2025-03-13 21:00:00,12956.8,8619.8,6423.73,6423.73,4574.91
2025-03-13 21:00:00,12956.8,8619.8,6423.73,6423.73,4574.91
2025-03-13 21:15:00,13103.6,8445.9,6568.87,6568.87,4577.41
2025-03-13 21:15:00,13103.6,8445.9,6568.87,6568.87,4577.41
2025-03-13 21:30:00,13542.7,8033.1,6660.84,6660.84,4864.97
2025-03-13 21:30:00,13542.7,8033.1,6660.84,6660.84,4864.97
2025-03-13 21:45:00,13754.7,8124.1,6759.6,6759.6,4980.77
2025-03-13 21:45:00,13754.7,8124.1,6759.6,6759.6,4980.77
2025-03-13 22:00:00,14018.5,8179.3,6698.35,6698.35,4864.55
2025-03-13 22:00:00,14018.5,8179.3,6698.35,6698.35,4864.55
2025-03-13 22:15:00,13954.1,8495.2,6748.1,6748.1,4620.74
2025-03-13 22:15:00,13954.1,8495.2,6748.1,6748.1,4620.74
2025-03-13 22:30:00,14203.9,8293.8,6629.7,6629.7,4577.65
2025-03-13 22:30:00,14203.9,8293.8,6629.7,6629.7,4577.65
2025-03-13 22:45:00,14122.7,8477.7,6554.4,6554.4,4577.31
2025-03-13 22:45:00,14122.7,8477.7,6554.4,6554.4,4577.31
2025-03-13 23:00:00,12325.3,9524.1,6158.5,6158.5,4010.39
2025-03-13 23:00:00,12325.3,9524.1,6158.5,6158.5,4010.39
2025-03-13 23:15:00,12284.4,9806.4,6199.8,6199.8,3999.55
2025-03-13 23:15:00,12284.4,9806.4,6199.8,6199.8,3999.55
2025-03-13 23:30:00,12521.3,9510.6,5781.7,5781.7,4010.88
2025-03-13 23:30:00,12521.3,9510.6,5781.7,5781.7,4010.88
2025-03-13 23:45:00,12883.2,9351.5,5693.7,5693.7,4109.46
2025-03-13 23:45:00,12883.2,9351.5,5693.7,5693.7,4109.46
